<beans xmlns="http://www.springframework.org/schema/beans"
   xmlns:context="http://www.springframework.org/schema/context"
   xmlns:xsi="http://www.w3.org/2001/XMLSchema-instance"
   xmlns:tx="http://www.springframework.org/schema/tx"
   xmlns:mvc="http://www.springframework.org/schema/mvc"
   xmlns:jdbc="http://www.springframework.org/schema/jdbc"
   xsi:schemaLocation="

        http://www.springframework.org/schema/beans

        http://www.springframework.org/schema/beans/spring-beans.xsd
        
        http://www.springframework.org/schema/tx 
        
        http://www.springframework.org/schema/tx/spring-tx.xsd

        http://www.springframework.org/schema/mvc

        http://www.springframework.org/schema/mvc/spring-mvc.xsd
        
        http://www.springframework.org/schema/jdbc
        
        http://www.springframework.org/schema/jdbc/spring-jdbc-4.3.xsd

        http://www.springframework.org/schema/context

        http://www.springframework.org/schema/context/spring-context.xsd">
        
   <context:component-scan
      base-package="com.fa.mock.*" />
   <context:annotation-config />
   <mvc:annotation-driven />

   <bean
      class="org.springframework.web.servlet.view.InternalResourceViewResolver">

      <property name="prefix" value="/WEB-INF/views/" />

      <property name="suffix" value=".jsp" />

   </bean>
   
   <bean id="dataSource" class="org.springframework.jdbc.datasource.DriverManagerDataSource">
		<property name="driverClassName" value="com.microsoft.sqlserver.jdbc.SQLServerDriver" />
		<property name="url" value="jdbc:sqlserver://localhost:1433;databaseName=MANAGEHOTEL;encrypt=false;integratedSecurity=true;" />
		<property name="username" value="" />
		<property name="password" value="" />
	</bean>
	<bean id="jdbcTemplate" class="org.springframework.jdbc.core.JdbcTemplate">
		<property name="dataSource" ref="dataSource" />
	</bean>
    
   <mvc:resources mapping="/template/**" location="/template/" />
   
</beans>